"site","width50","canopy50","crown05","crown25","crown50","crown75","crown95","crownmax","strat00","strat02","strat05","strat15","strat30","strat45","strat60","strattree","c10m","c20m","c50m","c100m","ht05","ht25","ht50","ht75","ht95","htmax","tree05","tree15","tree30","tree45","tree60"
"baker beech-maple",20.25,29.29,29.47,31.61,33.27,34.39,36.58,40.63,9.94,3.18,7.02,48.46,31.4,0,0,86.879,31.97,33.45,35.17,36.73,10.96,25.21,28.55,31.05,33.42,40.63,0.08,6.44,80.36,0,0
"blandford forest",20.5,26.83,23.94,29.01,31.3,33.22,36.55,37.67,4.36,1.88,8.56,67.65,17.55,0,0,93.759,29.64,31.38,33.48,34.83,11.72,21.4,25.96,28.96,32.5,37.67,0.05,32.96,60.75,0,0
"boreal aspen sw",14.27,18.92,19.9,22.62,24.01,25.75,28.28,36.24,4.85,7.51,22.42,65.14,0.08,0,0,87.638,23.62,25.46,27.91,29.66,7.08,14.84,18.35,21.21,24.34,36.24,0.55,85.33,1.75,0,0
"boreal spruce ne",6.86,6.41,6.38,7.47,8.48,9.86,12.77,16.9,26.81,33.12,40.07,0,0,0,0,40.07,8.47,9.62,11.85,15.84,5.24,5.76,6.4,7.38,9.68,16.9,39.99,0.08,0,0,0
"boreal spruce se",7.74,7.01,7.08,8.11,9.32,11.02,12.76,15.49,13.05,17.01,69.93,0,0,0,0,69.935,9.8,10.74,12.21,13.73,5.41,6.14,6.93,8.02,10.28,15.49,69.88,0.05,0,0,0
"clinton successional beech-maple",14.93,18.64,18.81,21.52,22.58,24.61,25.99,27.27,9.22,3.48,18.75,68.55,0,0,0,87.296,22.22,23.56,25.58,26.88,9.12,15.76,18.23,20.53,23.11,27.27,0.86,86.44,0,0,0
"congaree bottomland",20.65,23.72,14.68,24.64,30.97,35.21,44.28,50.48,0.92,1.87,29.56,52.01,15.17,0.46,0,97.213,29.82,34.01,39.04,43.03,7.53,13.4,20.67,27.34,35.17,50.48,5.45,38.84,48.72,4.2,0
"congaree swamp",21.79,29.8,29.21,31.78,33.57,35.39,38.83,41.49,0.14,0.13,2.26,50.52,46.94,0,0,99.726,32.8,33.96,35.5,36.98,19.13,26.72,29.57,32.21,36.02,41.49,0,9.03,90.69,0,0
"cove hardwoods",22.05,29.97,27.97,33.86,37.59,41.94,47.98,55.52,1.97,2.99,11.46,43.63,38.76,1.19,0,95.038,35.44,38.86,43.03,45.98,9.55,21.82,28.24,33.52,40.77,55.52,0.81,7.8,74.06,12.37,0
"dry-mesic forest",21.38,26.38,26.09,28.81,30.99,32.91,35.27,42.05,2.56,1.42,6.94,74.29,14.8,0,0,96.025,29.76,31.55,34.09,36.11,12.92,22.17,25.95,28.53,31.92,42.05,0.03,36.57,59.43,0,0
"eaton successional beech-maple",17.44,22.29,19.49,24.09,26.73,28.91,30.99,36.25,6.19,2.82,12.23,78.01,0.75,0,0,90.986,25.54,27.07,29.45,31.33,10.65,17.64,21.52,24.37,27.67,36.25,0.59,81.42,8.98,0,0
"florida bottomland",23.56,30.8,30.77,33.49,35.35,37.27,39.48,44.92,0.88,0.77,4.73,40.23,53.38,0,0,98.345,33.83,35.61,37.87,39.38,15.34,27.01,30.47,32.8,36.17,44.92,0.2,3.06,95.09,0,0
"florida ravine",21.14,26.81,24.04,29.58,33.59,37.08,40.74,46.72,0.4,0.68,10.04,61.43,27.46,0.01,0,98.927,31.65,34.16,37.22,39.29,11.57,20.67,25.79,30.62,35.9,46.72,0.29,26.7,71.62,0.32,0
"hartwick northern hardwoods",19.41,26.4,26.56,28.86,30.09,31,37.53,41.73,0.23,0.1,0.87,92.82,5.97,0,0,99.67,29.69,31.37,33.2,35.52,20.52,24.19,26.26,27.75,30.34,41.73,0,48.48,51.19,0,0
"hartwick white pine-red pine",21.26,31.41,32.85,40.69,43.81,45.89,47.96,50.19,0.92,0.4,2.2,44.11,50.88,1.48,0,98.68,40.41,43.6,46.12,47.52,18.91,26.19,30.62,36.25,42.57,50.19,0,0.9,62.13,35.65,0
"heath bald",7.4,5.8,5.7,6.45,7.35,8.62,11.44,12.89,27.71,58.94,13.36,0,0,0,0,13.36,7.02,7.82,11.48,19.89,5.09,5.33,5.71,6.5,8.54,12.89,13.36,0,0,0,0
"joshua tree desert",5.05,6.17,5.56,6.51,7.59,9.03,11.98,17.02,79.79,17.96,2.25,0,0,0,0,2.248,6.72,6.92,7.6,8.61,5.09,5.46,6.01,6.93,9.16,17.02,2.23,0.02,0,0,0
"krumholtz",3.57,5.71,5.28,5.96,6.62,7.07,7.47,7.55,88.16,11.37,0.47,0,0,0,0,0.469,6.1,6.18,6.36,6.96,5.08,5.32,5.64,6.22,6.94,7.55,0.47,0,0,0,0
"longleaf pine",14.58,23.59,20.18,25.53,27.77,30.15,32.46,36.28,39.62,4.49,11.1,42.44,2.35,0,0,55.888,25.37,27.84,30.26,31.76,7.5,16.93,22.49,26.17,29.71,36.28,1.35,39.56,14.98,0,0
"mesic forest ravines",21.7,26.73,25.7,29.27,32.12,34.59,38.04,43.03,3.78,1.55,6.49,70.42,17.76,0,0,94.667,30.32,32.32,35.11,37.03,12.95,22.39,26.15,28.91,33.1,43.03,0.22,29.66,64.78,0,0
"mio aspen 19 y",9.24,7.54,7.44,8.29,9.46,11.23,13.01,14.04,5.48,12.77,81.75,0,0,0,0,81.748,9.79,10.57,11.63,13,5.58,6.55,7.56,8.99,11.29,14.04,81.75,0,0,0,0
"mio jack pine 19 y",7.74,6.62,6.52,7.6,8.19,8.78,9.77,14.54,43.86,50.75,5.39,0,0,0,0,5.39,7.38,7.62,8.05,8.87,5.24,5.87,6.54,7.36,8.5,14.54,5.39,0,0,0,0
"mio jack pine 39 y",8.74,7.11,7.57,8.16,8.58,9.01,9.68,19.41,7.77,7.17,84.91,0.15,0,0,0,85.06,8.83,9.43,10.43,11.45,5.63,6.48,7.11,7.71,8.58,19.41,84.6,0.46,0,0,0
"northern hardwoods cove",20.78,27.43,26.81,29.01,30.39,31.72,33.67,37.32,0.3,0.07,0.25,84.82,14.56,0,0,99.624,29.66,30.68,32.27,33.46,22.31,25.81,27.26,28.87,31.07,37.32,0,41.6,58.03,0,0
"northern hardwoods sunslope",18.16,18.31,15.38,19.31,21.31,22.62,24.41,28.63,0.38,0.08,15.16,84.38,0,0,0,99.537,20.47,21.96,25.49,28.83,11.57,16.18,18.2,20.39,22.19,28.63,4.49,95.05,0,0,0
"northern mesic forest",18.68,19.92,13.09,21.13,23.62,25.78,28.67,34.63,3.43,1.6,19.89,74.93,0.16,0,0,94.971,21.9,23.34,25.9,28.25,8.51,15.91,19.36,22.03,25.57,34.63,8.14,85.34,1.49,0,0
"oak-chestnut",18.61,21.38,13.93,21.2,26.37,30.75,36.28,46.91,0.28,1.7,24.42,65.92,7.67,0,0,98.018,25,26.99,31,36.62,8.21,15.03,20.66,25.48,31.32,46.91,6.89,62.96,28.05,0.12,0
"oak-pine barrens",14.09,13.67,10.91,14.27,17.65,20,22.84,27.5,31.03,6.69,41.55,20.73,0,0,0,62.281,15.8,17.42,19.76,21.58,6.47,9.83,12.81,16.16,19.63,27.5,18.69,43.59,0,0,0
"prdry lowland",10.65,6.75,6.31,7.55,8.79,10.2,12.2,14.63,5.23,36.34,58.43,0,0,0,0,58.427,8.62,9.87,11.42,12.71,5.2,5.75,6.59,7.87,10.15,14.63,58.43,0,0,0,0
"prdry upland",7.98,5.84,5.66,6.34,7.04,8.14,10.67,12.76,7.92,63.09,28.99,0,0,0,0,28.994,6.78,7.4,8.92,10.84,5.11,5.38,5.78,6.46,8.19,12.76,28.99,0,0,0,0
"prrainforest",23.04,23.93,21.68,26.38,29.72,33.43,38.42,49.55,0.01,0.02,3.78,83.85,12.33,0.01,0,99.968,28.53,31.06,34.89,37.96,15.68,20.55,23.67,27.26,32.67,49.55,0.03,52.18,47.51,0.24,0
"ramsey cove hardwood",20.9,27.99,27.04,32.41,36.03,39.58,45.63,54.13,2.45,4.05,12.44,51.69,29.03,0.35,0,93.505,33.9,37.3,41.56,44.28,9.16,20.45,26.51,31.37,37.88,54.13,0.36,12.21,75.21,5.73,0
"ramsey heath bald",7.31,6.69,5.89,7.81,10.17,16.5,20.28,20.28,5.06,86.61,7.6,0.74,0,0,0,8.335,9.4,12.74,24.44,36.01,5.13,5.74,7.08,10.67,17.17,20.28,5.86,2.47,0,0,0
"ramsey northern hardwoods",18.68,23.16,20.7,26.9,30.22,33.41,38.12,46.36,1.76,5.09,18.34,66.42,8.39,0,0,93.149,28.39,31.54,35.47,38.32,8,16.59,21.88,26.13,31.79,46.36,1.46,43.77,47.86,0.05,0
"ramsey oak-chestnut",16.2,18.61,12.49,18.03,22.87,26.21,30.74,38.45,0.19,1,31.47,66.3,1.04,0,0,98.81,21.78,23.3,25.96,29.32,8.11,13.34,17.98,22,26.82,38.45,13.12,78.86,6.83,0,0
"ramsey yellow pine",11.23,8.94,8.64,10.78,12.16,13.72,17.29,20.26,0.54,7.77,89.53,2.17,0,0,0,91.691,12.72,14.4,17.59,21.12,5.72,7.16,8.78,10.75,13.53,20.26,77.18,14.51,0,0,0
"redwoods",24.23,41.55,38.99,48.53,53.39,59.28,67.49,78.15,1.36,1.36,4.65,18.03,43.92,28.16,2.52,97.28,49.57,54.51,60.5,64.91,15.38,30.94,39.47,46.99,56.81,78.15,0.13,1.31,12.57,61.3,21.97
"redwoods humbolt",26.99,70.11,65.98,82.53,88.04,93.57,98.95,105.22,0.78,0.54,3.37,10.61,11.59,17.58,55.53,98.684,78.46,85.92,92.29,96.29,17.74,43.76,63.78,75.76,87.11,105.22,0,0.14,1.52,1.28,95.74
"rocky mt spruce ne",10.7,13.3,13.49,16.55,18.4,20.77,26.27,36.36,19.92,8.32,52.54,19.12,0.1,0,0,71.752,18.77,20.83,23.67,26.37,6.41,9.86,12.56,15.28,19.42,36.36,8.65,62.06,1.04,0,0
"rocky mt spruce sw",9.44,11.2,10.4,13.29,15.16,17.32,21.44,29.4,26.65,12.18,55.88,5.28,0,0,0,61.162,16.19,18.81,22.1,24.61,5.77,7.86,10.52,12.55,16.31,29.4,28.88,32.29,0,0,0
"ruderal woodlot",12.36,12.49,11.05,14.47,17.14,19.53,25.13,29.34,14.39,17.45,52.2,15.96,0,0,0,68.163,16.58,18.86,22.33,25.44,5.86,8.65,11.76,14.7,19.24,29.34,19.94,48.22,0,0,0
"russ beech-maple-tulip",22.96,30.26,30.8,32.94,34.16,35.49,39.22,44.89,3.38,1.87,5.94,43.7,45.11,0,0,94.748,32.91,34.69,36.9,38.79,12.99,26.52,29.65,31.83,34.5,44.89,0.45,2.73,91.57,0,0
"selva lowland",25.56,28.39,24.82,31.6,36.09,40.6,48.62,61.67,1.62,1.92,10.38,51.7,32.44,1.93,0,96.459,33.83,37.7,43.18,47.64,10.77,20.77,26.84,32.47,40.97,61.67,0.76,16.46,69.33,9.78,0.12
"selva upland",22.9,24.48,22.61,27.39,31.36,35.52,41.83,53.97,0.44,0.65,9.93,70.84,17.95,0.19,0,98.908,30.1,33.23,37.93,41.86,12.18,18.97,23.53,28.25,35.2,53.97,0.33,40.06,56.87,1.65,0
"sitka spruce rainforest",21.94,40.67,33.97,46.92,60.01,73.58,82.52,90.16,12.57,4.82,9.96,22.78,26.61,13.75,9.51,82.61,52.92,63.39,74.89,80.03,8.93,23.37,34.24,47.33,68.24,90.16,0.45,1.56,15.09,24.11,41.4
"successional cove hardwoods",21.08,31.69,30.87,34.98,37.47,39.52,43.38,51.83,0.39,0.39,1.99,38.96,57.82,0.45,0,99.213,36.06,37.87,40.2,42.33,19.74,27.2,31.23,34.19,38.37,51.83,0.04,3.11,93.05,3.01,0
"warren beech-maple",22.9,29.19,28.88,32.02,33.53,35.29,38.08,43.13,1.83,1.22,5.81,53.63,37.51,0,0,96.952,32.27,34.13,36.31,38.13,13.79,23.99,28.46,31.51,34.53,43.13,0.02,7.36,89.57,0,0
"yellow pine",11.45,9.98,9.19,11.71,13.37,14.98,17.38,29.39,0.66,11.88,84.32,3.14,0,0,0,87.458,13.43,14.99,17.84,21.43,5.81,7.59,9.65,11.69,14.39,29.39,65.73,21.72,0,0,0
"yunque 2015 high",11.89,8.34,7.09,9.11,11.2,13.56,17.7,24.92,2.03,13.31,81.37,3.29,0,0,0,84.661,11.29,12.7,15.24,17.65,5.47,6.72,8.33,10.65,14.31,24.92,72.03,12.63,0,0,0
"yunque 2015 low",20.25,20.78,19.42,22.94,25.4,28.12,32.72,42.61,0.16,0.09,9.66,88.44,1.65,0,0,99.752,24.77,26.92,30.36,33.27,13.14,17.51,20.57,23.12,27.53,42.61,0.28,85.77,13.7,0,0
"yunque 2018 high",10.22,7.37,6.86,8.57,10.22,12.33,15.51,23.44,5.87,26.94,66.66,0.53,0,0,0,67.195,10.21,11.68,14.2,16.33,5.35,6.22,7.33,8.88,12.02,23.44,62.75,4.45,0,0,0
"yunque 2018 low",16.2,17.18,14.56,20.24,23.24,26.08,31.08,41.28,1.29,8.25,41.19,48.67,0.6,0,0,90.466,22.53,25.21,28.79,31.71,6.83,11.58,15.83,20.1,25.38,41.28,5.31,78.98,6.17,0,0
